1/6/2023,14:00:47,Persona
1/6/2023,14:00:50,Prestamo
1/6/2023,14:00:59,Entrega
1/6/2023,14:01:05,Prestamo
1/6/2023,14:01:07,Persona
1/6/2023,14:01:25,Entrega
1/6/2023,14:01:38,Prestamo
1/6/2023,14:02:45,Prestamo
1/6/2023,14:03:06,Prestamo
1/6/2023,14:03:08,Persona
1/6/2023,14:05:38,Entrega
1/6/2023,14:05:39,Prestamo
1/6/2023,14:06:18,Entrega
1/6/2023,14:06:50,Persona
1/6/2023,14:07:06,Entrega
1/6/2023,14:07:16,Prestamo
1/6/2023,14:07:25,Persona
1/6/2023,14:07:25,Persona
1/6/2023,14:07:27,Prestamo
1/6/2023,14:07:28,Prestamo
1/6/2023,14:08:02,Persona
1/6/2023,14:08:10,Prestamo
1/6/2023,14:08:29,Prestamo
1/6/2023,14:08:31,Prestamo
1/6/2023,14:09:56,Entrega
1/6/2023,14:10:15,Entrega
1/6/2023,14:10:48,Entrega
1/6/2023,14:10:53,Prestamo
1/6/2023,14:11:18,Prestamo
1/6/2023,14:11:50,Prestamo
1/6/2023,14:11:57,Prestamo
1/6/2023,14:11:58,Persona
1/6/2023,14:11:58,Persona
1/6/2023,14:11:59,Persona
1/6/2023,14:12:10,Prestamo
1/6/2023,14:12:40,Prestamo
1/6/2023,14:14:57,Persona
1/6/2023,14:15:00,Prestamo
1/6/2023,14:15:26,Prestamo
1/6/2023,14:16:19,Entrega
1/6/2023,14:16:20,Persona
1/6/2023,14:16:22,Prestamo
1/6/2023,14:16:36,Prestamo
1/6/2023,14:17:01,Entrega
1/6/2023,14:17:09,Persona
1/6/2023,14:17:12,Prestamo
1/6/2023,14:17:33,Prestamo
1/6/2023,14:18:42,Persona
1/6/2023,14:18:44,Prestamo
1/6/2023,14:19:07,Prestamo
1/6/2023,14:19:24,Persona
1/6/2023,14:19:46,Entrega
1/6/2023,14:20:17,Entrega
1/6/2023,14:20:27,Entrega
1/6/2023,14:20:35,Persona
1/6/2023,14:20:37,Prestamo
1/6/2023,14:20:57,Entrega
1/6/2023,14:21:02,Prestamo
1/6/2023,14:21:18,Prestamo
1/6/2023,14:23:22,Persona
1/6/2023,14:23:28,Prestamo
1/6/2023,14:23:40,Prestamo
1/6/2023,14:23:45,Persona
1/6/2023,14:23:59,Prestamo
1/6/2023,14:24:27,Prestamo
1/6/2023,14:24:54,Entrega
1/6/2023,14:26:49,Entrega
1/6/2023,14:28:23,Persona
1/6/2023,14:28:26,Prestamo
1/6/2023,14:28:37,Persona
1/6/2023,14:28:42,Prestamo
1/6/2023,14:28:45,Prestamo
1/6/2023,14:29:01,Prestamo
1/6/2023,14:29:52,Entrega
1/6/2023,14:31:25,Entrega
1/6/2023,14:31:44,Entrega
1/6/2023,14:32:18,Entrega
1/6/2023,14:32:39,Persona
1/6/2023,14:32:40,Prestamo
1/6/2023,14:32:53,Persona
1/6/2023,14:33:05,Prestamo
1/6/2023,14:33:17,Prestamo
1/6/2023,14:34:06,Prestamo
1/6/2023,14:35:41,Entrega
1/6/2023,14:36:09,Entrega
1/6/2023,14:38:40,Entrega
1/6/2023,14:38:56,Persona
1/6/2023,14:38:59,Persona
1/6/2023,14:39:04,Prestamo
1/6/2023,14:39:17,Prestamo
1/6/2023,14:40:15,Persona
1/6/2023,14:40:22,Prestamo
1/6/2023,14:40:39,Prestamo
1/6/2023,14:41:19,Entrega
1/6/2023,14:41:32,Persona
1/6/2023,14:41:34,Prestamo
1/6/2023,14:41:49,Prestamo
1/6/2023,14:41:57,Persona
1/6/2023,14:42:25,Persona
1/6/2023,14:42:27,Prestamo
1/6/2023,14:42:53,Prestamo
1/6/2023,14:44:56,Persona
1/6/2023,14:44:58,Prestamo
1/6/2023,14:45:21,Prestamo
1/6/2023,14:47:51,Entrega
1/6/2023,14:52:17,Persona
1/6/2023,14:52:19,Prestamo
1/6/2023,14:52:19,Persona
1/6/2023,14:52:44,Entrega
1/6/2023,14:53:00,Prestamo
1/6/2023,14:53:39,Entrega
1/6/2023,14:53:47,Prestamo
1/6/2023,14:54:24,Persona
1/6/2023,14:54:40,Entrega
1/6/2023,14:54:40,Prestamo
1/6/2023,14:54:53,Prestamo
1/6/2023,14:55:47,Persona
1/6/2023,14:55:51,Persona
1/6/2023,14:56:17,Entrega
1/6/2023,14:56:18,Persona
1/6/2023,14:56:33,Prestamo
1/6/2023,14:57:05,Prestamo
1/6/2023,14:57:09,Prestamo
1/6/2023,14:57:12,Persona
1/6/2023,14:57:38,Prestamo
1/6/2023,14:57:40,Prestamo
1/6/2023,14:57:43,Prestamo
1/6/2023,14:57:45,Persona
1/6/2023,14:57:51,Prestamo
1/6/2023,14:57:57,Entrega
1/6/2023,14:58:19,Entrega
1/6/2023,14:58:25,Persona
1/6/2023,14:58:39,Prestamo
1/6/2023,14:58:52,Prestamo
1/6/2023,14:59:39,Entrega
1/6/2023,15:01:19,Persona
1/6/2023,15:01:21,Prestamo
1/6/2023,15:01:40,Prestamo
1/6/2023,15:04:26,Persona
1/6/2023,15:04:29,Prestamo
1/6/2023,15:04:49,Prestamo
1/6/2023,15:05:22,Persona
1/6/2023,15:05:24,Persona
1/6/2023,15:05:29,Prestamo
1/6/2023,15:05:30,Persona
1/6/2023,15:05:35,Prestamo
1/6/2023,15:05:37,Prestamo
1/6/2023,15:05:42,Prestamo
1/6/2023,15:06:02,Prestamo
1/6/2023,15:06:59,Persona
1/6/2023,15:07:25,Prestamo
1/6/2023,15:07:54,Prestamo
1/6/2023,15:11:08,Entrega
1/6/2023,15:11:41,Entrega
1/6/2023,15:12:08,Persona
1/6/2023,15:12:13,Prestamo
1/6/2023,15:12:20,Persona
1/6/2023,15:12:34,Entrega
1/6/2023,15:12:50,Prestamo
1/6/2023,15:13:27,Persona
1/6/2023,15:13:29,Persona
1/6/2023,15:13:30,Prestamo
1/6/2023,15:13:47,Prestamo
1/6/2023,15:13:50,Prestamo
1/6/2023,15:14:47,Entrega
1/6/2023,15:14:51,Prestamo
1/6/2023,15:15:46,Entrega
1/6/2023,15:19:02,Entrega
1/6/2023,15:20:35,Persona
1/6/2023,15:20:42,Entrega
1/6/2023,15:20:46,Persona
1/6/2023,15:21:05,Entrega
1/6/2023,15:21:25,Entrega
1/6/2023,15:21:34,Entrega
1/6/2023,15:22:14,Entrega
1/6/2023,15:24:02,Entrega
1/6/2023,15:25:25,Entrega
1/6/2023,15:26:03,Entrega
1/6/2023,15:26:32,Persona
1/6/2023,15:26:35,Prestamo
1/6/2023,15:26:39,Persona
1/6/2023,15:26:45,Prestamo
1/6/2023,15:27:06,Prestamo
1/6/2023,15:27:10,Persona
1/6/2023,15:27:35,Prestamo
1/6/2023,15:27:44,Prestamo
1/6/2023,15:29:34,Persona
1/6/2023,15:29:35,Persona
1/6/2023,15:29:43,Persona
1/6/2023,15:29:43,Persona
1/6/2023,15:29:44,Persona
1/6/2023,15:29:51,Prestamo
1/6/2023,15:30:00,Prestamo
1/6/2023,15:30:04,Prestamo
1/6/2023,15:30:25,Prestamo
1/6/2023,15:30:26,Prestamo
1/6/2023,15:30:34,Prestamo
1/6/2023,15:30:36,Prestamo
1/6/2023,15:30:46,Prestamo
1/6/2023,15:30:47,Prestamo
1/6/2023,15:31:13,Prestamo
1/6/2023,15:31:24,Persona
1/6/2023,15:31:26,Prestamo
1/6/2023,15:31:47,Prestamo
1/6/2023,15:32:14,Persona
1/6/2023,15:32:14,Persona
1/6/2023,15:32:31,Prestamo
1/6/2023,15:32:58,Prestamo
1/6/2023,15:33:23,Persona
1/6/2023,15:33:23,Persona
1/6/2023,15:33:28,Prestamo
1/6/2023,15:33:31,Persona
1/6/2023,15:33:40,Entrega
1/6/2023,15:33:47,Entrega
1/6/2023,15:34:04,Entrega
1/6/2023,15:34:06,Prestamo
1/6/2023,15:34:15,Persona
1/6/2023,15:34:30,Prestamo
1/6/2023,15:34:47,Persona
1/6/2023,15:35:00,Persona
1/6/2023,15:35:01,Prestamo
1/6/2023,15:35:30,Prestamo
1/6/2023,15:35:33,Persona
1/6/2023,15:35:57,Prestamo
1/6/2023,15:36:02,Persona
1/6/2023,15:36:06,Prestamo
1/6/2023,15:36:31,Prestamo
1/6/2023,15:36:32,Persona
1/6/2023,15:36:34,Prestamo
1/6/2023,15:36:36,Persona
1/6/2023,15:36:40,Prestamo
1/6/2023,15:36:41,Prestamo
1/6/2023,15:36:56,Prestamo
1/6/2023,15:37:20,Persona
1/6/2023,15:37:21,Persona
1/6/2023,15:37:27,Persona
1/6/2023,15:37:29,Prestamo
1/6/2023,15:37:45,Persona
1/6/2023,15:38:16,Prestamo
1/6/2023,15:38:29,Prestamo
1/6/2023,15:38:30,Prestamo
1/6/2023,15:39:01,Prestamo
1/6/2023,15:39:14,Persona
1/6/2023,15:39:23,Persona
1/6/2023,15:39:24,Persona
1/6/2023,15:40:46,Persona
1/6/2023,15:44:30,Entrega
1/6/2023,15:44:32,Prestamo
1/6/2023,15:44:49,Prestamo
1/6/2023,15:45:57,Entrega
1/6/2023,15:45:58,Prestamo
1/6/2023,15:46:14,Prestamo
1/6/2023,15:46:59,Persona
1/6/2023,15:47:38,Persona
1/6/2023,15:47:40,Persona
1/6/2023,15:47:45,Persona
1/6/2023,15:48:36,Persona
1/6/2023,15:50:01,Persona
1/6/2023,15:50:03,Persona
1/6/2023,15:50:39,Persona
1/6/2023,15:50:40,Persona
1/6/2023,15:51:32,Entrega
1/6/2023,15:51:34,Prestamo
1/6/2023,15:51:54,Prestamo
1/6/2023,15:52:22,Persona
1/6/2023,15:52:53,Entrega
1/6/2023,15:53:06,Persona
1/6/2023,15:53:07,Entrega
1/6/2023,15:53:08,Prestamo
1/6/2023,15:53:41,Prestamo
1/6/2023,15:55:08,Entrega
1/6/2023,15:55:12,Prestamo
1/6/2023,15:55:26,Prestamo
1/6/2023,15:55:44,Entrega
1/6/2023,15:55:45,Prestamo
1/6/2023,15:56:11,Prestamo
1/6/2023,15:56:50,Persona
1/6/2023,15:57:03,Persona
1/6/2023,15:57:14,Persona
1/6/2023,15:57:43,Persona
1/6/2023,15:57:53,Entrega
1/6/2023,15:58:00,Prestamo
1/6/2023,15:58:30,Prestamo
1/6/2023,15:58:32,Prestamo
1/6/2023,15:59:20,Entrega
1/6/2023,15:59:22,Persona
1/6/2023,15:59:23,Prestamo
1/6/2023,15:59:58,Prestamo
2/6/2023,14:00:38,Prestamo
2/6/2023,14:01:09,Entrega
2/6/2023,14:01:24,Persona
2/6/2023,14:02:00,Prestamo
2/6/2023,14:03:20,Persona
2/6/2023,14:03:36,Prestamo
2/6/2023,14:04:28,Persona
2/6/2023,14:04:59,Persona
2/6/2023,14:05:07,Prestamo
2/6/2023,14:05:53,Prestamo
2/6/2023,14:05:58,Prestamo
2/6/2023,14:06:00,Entrega
2/6/2023,14:06:31,Entrega
2/6/2023,14:06:42,Entrega
2/6/2023,14:07:06,Persona
2/6/2023,14:07:27,Prestamo
2/6/2023,14:08:09,Entrega
2/6/2023,14:08:14,Entrega
2/6/2023,14:08:25,Entrega
2/6/2023,14:08:57,Entrega
2/6/2023,14:13:08,Entrega
2/6/2023,14:13:10,Entrega
2/6/2023,14:13:16,Entrega
2/6/2023,14:13:19,Entrega
2/6/2023,14:14:30,Persona
2/6/2023,14:14:40,Prestamo
2/6/2023,14:16:11,Entrega
2/6/2023,14:16:29,Entrega
2/6/2023,14:17:37,Entrega
2/6/2023,14:17:46,Entrega
2/6/2023,14:19:09,Persona
2/6/2023,14:19:31,Prestamo
2/6/2023,14:21:19,Entrega
2/6/2023,14:22:23,Entrega
2/6/2023,14:25:25,Entrega
2/6/2023,14:25:43,Entrega
2/6/2023,14:25:53,Persona
2/6/2023,14:26:02,Prestamo
2/6/2023,14:26:06,Persona
2/6/2023,14:26:12,Prestamo
2/6/2023,14:26:45,Persona
2/6/2023,14:26:59,Prestamo
2/6/2023,14:27:53,Persona
2/6/2023,14:28:31,Prestamo
2/6/2023,14:31:12,Entrega
2/6/2023,14:32:29,Entrega
2/6/2023,14:32:32,Entrega
2/6/2023,14:33:06,Entrega
2/6/2023,14:33:22,Persona
2/6/2023,14:33:41,Persona
2/6/2023,14:33:46,Prestamo
2/6/2023,14:34:19,Prestamo
2/6/2023,14:34:20,Persona
2/6/2023,14:34:21,Persona
2/6/2023,14:34:22,Persona
2/6/2023,14:34:32,Persona
2/6/2023,14:34:44,Prestamo
2/6/2023,14:34:45,Prestamo
2/6/2023,14:35:34,Prestamo
2/6/2023,14:35:51,Entrega
2/6/2023,14:35:58,Persona
2/6/2023,14:36:16,Prestamo
2/6/2023,14:36:33,Prestamo
2/6/2023,14:39:04,Persona
2/6/2023,14:39:29,Prestamo
2/6/2023,14:40:11,Entrega
2/6/2023,14:40:12,Entrega
2/6/2023,14:40:41,Persona
2/6/2023,14:41:06,Prestamo
2/6/2023,14:42:11,Entrega
2/6/2023,14:43:11,Entrega
2/6/2023,14:43:53,Persona
2/6/2023,14:43:58,Persona
2/6/2023,14:44:07,Prestamo
2/6/2023,14:44:27,Prestamo
2/6/2023,14:46:46,Persona
2/6/2023,14:46:56,Prestamo
2/6/2023,14:47:54,Entrega
2/6/2023,14:47:56,Persona
2/6/2023,14:48:00,Prestamo
2/6/2023,14:49:07,Entrega
2/6/2023,14:49:09,Entrega
2/6/2023,14:50:27,Persona
2/6/2023,14:50:51,Prestamo
2/6/2023,14:52:43,Persona
2/6/2023,14:53:13,Entrega
2/6/2023,14:53:17,Prestamo
2/6/2023,14:56:13,Persona
2/6/2023,14:56:38,Prestamo
2/6/2023,14:57:05,Entrega
2/6/2023,14:59:03,Persona
2/6/2023,14:59:03,Persona
2/6/2023,14:59:19,Prestamo
2/6/2023,14:59:27,Entrega
2/6/2023,14:59:44,Prestamo
2/6/2023,15:02:47,Entrega
2/6/2023,15:02:47,Persona
2/6/2023,15:03:08,Prestamo
2/6/2023,15:05:13,Persona
2/6/2023,15:05:32,Prestamo
2/6/2023,15:05:39,Persona
2/6/2023,15:05:53,Prestamo
2/6/2023,15:06:16,Persona
2/6/2023,15:06:27,Prestamo
2/6/2023,15:07:55,Persona
2/6/2023,15:08:02,Entrega
2/6/2023,15:08:15,Persona
2/6/2023,15:08:15,Persona
2/6/2023,15:08:16,Persona
2/6/2023,15:08:31,Persona
2/6/2023,15:08:55,Persona
2/6/2023,15:08:55,Prestamo
2/6/2023,15:09:04,Prestamo
2/6/2023,15:09:19,Prestamo
2/6/2023,15:09:34,Prestamo
2/6/2023,15:09:49,Prestamo
2/6/2023,15:09:59,Persona
2/6/2023,15:10:12,Prestamo
2/6/2023,15:10:47,Persona
2/6/2023,15:11:03,Prestamo
2/6/2023,15:11:46,Persona
2/6/2023,15:12:01,Prestamo
2/6/2023,15:16:05,Persona
2/6/2023,15:16:16,Persona
2/6/2023,15:16:18,Prestamo
2/6/2023,15:16:47,Prestamo
2/6/2023,15:17:37,Entrega
2/6/2023,15:18:55,Entrega
2/6/2023,15:20:54,Entrega
2/6/2023,15:22:01,Entrega
2/6/2023,15:23:14,Entrega
2/6/2023,15:25:07,Persona
2/6/2023,15:25:08,Persona
2/6/2023,15:25:09,Persona
2/6/2023,15:25:20,Prestamo
2/6/2023,15:25:37,Prestamo
2/6/2023,15:25:59,Prestamo
2/6/2023,15:28:23,Persona
2/6/2023,15:28:51,Prestamo
2/6/2023,15:28:52,Persona
2/6/2023,15:28:54,Persona
2/6/2023,15:29:03,Prestamo
2/6/2023,15:29:26,Prestamo
2/6/2023,15:30:10,Entrega
2/6/2023,15:30:17,Persona
2/6/2023,15:30:41,Prestamo
2/6/2023,15:31:25,Entrega
2/6/2023,15:32:33,Persona
2/6/2023,15:32:57,Prestamo
2/6/2023,15:34:34,Entrega
2/6/2023,15:34:58,Prestamo
2/6/2023,15:37:23,Persona
2/6/2023,15:37:43,Prestamo
2/6/2023,15:39:33,Persona
2/6/2023,15:39:42,Prestamo
2/6/2023,15:40:18,Entrega
2/6/2023,15:40:52,Persona
2/6/2023,15:41:08,Persona
2/6/2023,15:41:17,Prestamo
2/6/2023,15:41:42,Prestamo
2/6/2023,15:42:46,Persona
2/6/2023,15:44:20,Persona
2/6/2023,15:44:53,Persona
2/6/2023,15:45:54,Entrega
2/6/2023,15:46:25,Prestamo
2/6/2023,15:46:26,Entrega
2/6/2023,15:46:57,Prestamo
2/6/2023,15:47:09,Persona
2/6/2023,15:47:22,Entrega
2/6/2023,15:47:35,Prestamo
2/6/2023,15:47:53,Prestamo
2/6/2023,15:48:19,Persona
2/6/2023,15:51:41,Entrega
2/6/2023,15:53:39,Entrega
2/6/2023,15:56:20,Persona
2/6/2023,15:56:20,Persona
2/6/2023,15:56:21,Persona
2/6/2023,15:56:22,Entrega
2/6/2023,15:56:35,Prestamo
6/6/2023,14:00:09,Persona
6/6/2023,14:00:15,Prestamo
6/6/2023,14:00:17,Persona
6/6/2023,14:00:43,Persona
6/6/2023,14:00:56,Prestamo
6/6/2023,14:00:58,Persona
6/6/2023,14:01:01,Descargue
6/6/2023,14:01:26,Prestamo
6/6/2023,14:01:27,Persona
6/6/2023,14:01:31,Descargue
6/6/2023,14:01:34,Descargue
6/6/2023,14:01:36,Entrega
6/6/2023,14:01:52,Entrega
6/6/2023,14:02:20,Persona
6/6/2023,14:02:44,Prestamo
6/6/2023,14:02:46,Persona
6/6/2023,14:02:54,Persona
6/6/2023,14:03:12,Prestamo
6/6/2023,14:03:15,Persona
6/6/2023,14:04:47,Persona
6/6/2023,14:04:56,Entrega
6/6/2023,14:04:57,Persona
6/6/2023,14:06:03,Persona
6/6/2023,14:06:17,Prestamo
6/6/2023,14:06:20,Persona
6/6/2023,14:06:22,Persona
6/6/2023,14:06:29,Entrega
6/6/2023,14:07:13,Entrega
6/6/2023,14:07:21,Persona
6/6/2023,14:07:36,Prestamo
6/6/2023,14:07:43,Persona
6/6/2023,14:08:16,Entrega
6/6/2023,14:08:21,Persona
6/6/2023,14:08:32,Descargue
6/6/2023,14:08:42,Prestamo
6/6/2023,14:08:48,Persona
6/6/2023,14:09:02,Prestamo
6/6/2023,14:09:05,Persona
6/6/2023,14:09:08,Persona
6/6/2023,14:09:32,Cargue
6/6/2023,14:09:34,Prestamo
6/6/2023,14:09:35,Persona
6/6/2023,14:12:29,Entrega
6/6/2023,14:12:51,Persona
6/6/2023,14:13:04,Prestamo
6/6/2023,14:13:04,Persona
6/6/2023,14:13:05,Persona
6/6/2023,14:13:09,Prestamo
6/6/2023,14:13:11,Persona
6/6/2023,14:13:22,Persona
6/6/2023,14:13:36,Prestamo
6/6/2023,14:13:40,Entrega
6/6/2023,14:13:40,Persona
6/6/2023,14:15:20,Entrega
6/6/2023,14:16:16,Entrega
6/6/2023,14:17:40,Entrega
6/6/2023,14:17:50,Entrega
6/6/2023,14:18:32,Entrega
6/6/2023,14:18:40,Persona
6/6/2023,14:18:50,Prestamo
6/6/2023,14:18:52,Persona
6/6/2023,14:20:32,Descargue
6/6/2023,14:20:36,Persona
6/6/2023,14:20:57,Prestamo
6/6/2023,14:21:03,Persona
6/6/2023,14:23:04,Entrega
6/6/2023,14:24:44,Entrega
6/6/2023,14:26:02,Persona
6/6/2023,14:26:13,Entrega
6/6/2023,14:26:40,Persona
6/6/2023,14:27:09,Prestamo
6/6/2023,14:27:17,Persona
6/6/2023,14:27:32,Persona
6/6/2023,14:27:46,Entrega
6/6/2023,14:28:15,Prestamo
6/6/2023,14:28:17,Persona
6/6/2023,14:28:20,Persona
6/6/2023,14:28:35,Prestamo
6/6/2023,14:28:43,Persona
6/6/2023,14:28:50,Entrega
6/6/2023,14:29:28,Entrega
6/6/2023,14:29:28,Entrega
6/6/2023,14:30:16,Persona
6/6/2023,14:30:27,Prestamo
6/6/2023,14:30:42,Descargue
6/6/2023,14:30:45,Persona
6/6/2023,14:31:33,Persona
6/6/2023,14:32:00,Prestamo
6/6/2023,14:32:03,Persona
6/6/2023,14:33:31,Persona
6/6/2023,14:33:40,Prestamo
6/6/2023,14:33:50,Persona
6/6/2023,14:34:37,Entrega
6/6/2023,14:35:01,Recibir
6/6/2023,14:35:50,Persona
6/6/2023,14:35:51,Prestamo
6/6/2023,14:35:51,Descargue
6/6/2023,14:35:56,Persona
6/6/2023,14:36:00,Entrega
6/6/2023,14:37:32,Entrega
6/6/2023,14:37:50,Persona
6/6/2023,14:38:12,Prestamo
6/6/2023,14:38:13,Persona
6/6/2023,14:38:18,Persona
6/6/2023,14:38:24,Prestamo
6/6/2023,14:38:28,Persona
6/6/2023,14:38:57,Entrega
6/6/2023,14:41:28,Entrega
6/6/2023,14:47:19,Persona
6/6/2023,14:47:52,Prestamo
6/6/2023,14:47:57,Persona
6/6/2023,14:48:35,Prestamo
6/6/2023,14:48:50,Persona
6/6/2023,14:48:51,Entrega
6/6/2023,14:49:01,Entrega
6/6/2023,14:51:51,Entrega
6/6/2023,14:54:26,Persona
6/6/2023,14:54:44,Prestamo
6/6/2023,14:54:47,Persona
6/6/2023,14:56:46,Persona
6/6/2023,14:56:54,Prestamo
6/6/2023,14:57:01,Persona
6/6/2023,14:59:01,Entrega
6/6/2023,14:59:03,Persona
6/6/2023,14:59:37,Prestamo
6/6/2023,14:59:42,Persona
6/6/2023,14:59:45,Persona
6/6/2023,14:59:52,Prestamo
6/6/2023,14:59:54,Persona
6/6/2023,15:01:07,Persona
6/6/2023,15:01:08,Persona
6/6/2023,15:01:09,Prestamo
6/6/2023,15:01:09,Persona
6/6/2023,15:01:12,Prestamo
6/6/2023,15:01:13,Persona
6/6/2023,15:07:28,Persona
6/6/2023,15:07:46,Prestamo
6/6/2023,15:07:50,Persona
6/6/2023,15:08:29,Persona
6/6/2023,15:08:51,Prestamo
6/6/2023,15:08:59,Persona
6/6/2023,15:10:22,Entrega
6/6/2023,15:11:31,Persona
6/6/2023,15:11:31,Persona
6/6/2023,15:12:11,Persona
6/6/2023,15:12:11,Persona
6/6/2023,15:12:15,Prestamo
6/6/2023,15:12:17,Prestamo
6/6/2023,15:12:17,Entrega
6/6/2023,15:12:30,Persona
6/6/2023,15:12:30,Persona
6/6/2023,15:12:31,Prestamo
6/6/2023,15:12:32,Prestamo
6/6/2023,15:12:32,Persona
6/6/2023,15:12:57,Entrega
6/6/2023,15:14:36,Entrega
6/6/2023,15:14:38,Persona
6/6/2023,15:15:21,Prestamo
6/6/2023,15:15:22,Persona
6/6/2023,15:15:31,Entrega
6/6/2023,15:17:41,Entrega
6/6/2023,15:19:32,Persona
6/6/2023,15:19:32,Persona
6/6/2023,15:19:44,Prestamo
6/6/2023,15:19:46,Persona
6/6/2023,15:20:06,Prestamo
6/6/2023,15:20:13,Persona
6/6/2023,15:20:43,Persona
6/6/2023,15:21:11,Prestamo
6/6/2023,15:21:13,Persona
6/6/2023,15:24:07,Persona
6/6/2023,15:24:15,Prestamo
6/6/2023,15:24:25,Persona
6/6/2023,15:24:29,Persona
6/6/2023,15:24:29,Persona
6/6/2023,15:25:09,Prestamo
6/6/2023,15:25:16,Persona
6/6/2023,15:25:19,Prestamo
6/6/2023,15:25:20,Persona
6/6/2023,15:29:08,Persona
6/6/2023,15:29:30,Prestamo
6/6/2023,15:29:33,Persona
6/6/2023,15:29:59,Persona
6/6/2023,15:30:02,Descargue
6/6/2023,15:30:06,Persona
6/6/2023,15:30:07,Persona
6/6/2023,15:30:34,Prestamo
6/6/2023,15:30:40,Prestamo
6/6/2023,15:30:41,Persona
6/6/2023,15:30:43,Persona
6/6/2023,15:31:53,Persona
6/6/2023,15:32:03,Prestamo
6/6/2023,15:32:04,Persona
6/6/2023,15:32:05,Entrega
6/6/2023,15:33:54,Persona
6/6/2023,15:34:07,Prestamo
6/6/2023,15:34:09,Persona
6/6/2023,15:34:14,Entrega
6/6/2023,15:37:44,Persona
6/6/2023,15:37:50,Persona
6/6/2023,15:37:51,Persona
6/6/2023,15:37:58,Prestamo
6/6/2023,15:37:59,Persona
6/6/2023,15:38:10,Prestamo
6/6/2023,15:38:10,Persona
6/6/2023,15:38:28,Persona
6/6/2023,15:38:35,Prestamo
6/6/2023,15:38:35,Persona
6/6/2023,15:39:00,Persona
6/6/2023,15:39:01,Persona
6/6/2023,15:39:01,Persona
6/6/2023,15:39:02,Persona
6/6/2023,15:39:30,Prestamo
6/6/2023,15:39:30,Persona
6/6/2023,15:40:04,Prestamo
6/6/2023,15:40:05,Persona
6/6/2023,15:40:50,Persona
6/6/2023,15:40:50,Persona
6/6/2023,15:41:45,Entrega
6/6/2023,15:41:47,Entrega
6/6/2023,15:41:58,Prestamo
6/6/2023,15:42:26,Persona
6/6/2023,15:42:27,Persona
6/6/2023,15:42:28,Persona
6/6/2023,15:43:15,Persona
6/6/2023,15:44:20,Persona
6/6/2023,15:44:24,Persona
6/6/2023,15:45:00,Persona
6/6/2023,15:45:55,Persona
6/6/2023,15:46:58,Entrega
6/6/2023,15:47:48,Cargue
6/6/2023,15:47:51,Prestamo
6/6/2023,15:48:01,Persona
6/6/2023,15:52:25,Persona
6/6/2023,15:52:25,Persona
6/6/2023,15:52:29,Entrega
6/6/2023,15:52:37,Entrega
6/6/2023,15:52:52,Cargue
6/6/2023,15:52:54,Prestamo
6/6/2023,15:53:12,Persona
6/6/2023,15:53:19,Prestamo
6/6/2023,15:53:24,Persona
6/6/2023,15:54:35,Entrega
6/6/2023,15:54:39,Entrega
6/6/2023,15:55:39,Prestamo
6/6/2023,15:55:40,Persona
6/6/2023,15:55:41,Persona
6/6/2023,15:55:46,Persona
6/6/2023,15:55:47,Entrega
6/6/2023,15:57:31,Descargue
6/6/2023,15:57:37,Persona
6/6/2023,15:58:10,Entrega
6/6/2023,15:58:18,Entrega
6/6/2023,15:58:24,Prestamo
6/6/2023,15:58:25,Persona
6/6/2023,15:58:34,Prestamo
6/6/2023,15:58:35,Persona
6/6/2023,15:59:27,Prestamo
6/6/2023,15:59:29,Persona
6/6/2023,15:59:34,Entrega
7/6/2023,14:00:07,Persona
7/6/2023,14:00:17,Entrega
7/6/2023,14:00:23,Entrega
7/6/2023,14:00:25,Recibir
7/6/2023,14:00:34,Recibir
7/6/2023,14:00:44,Prestamo
7/6/2023,14:01:01,Prestamo
7/6/2023,14:01:04,Recibir
7/6/2023,14:01:14,Recibir
7/6/2023,14:01:24,Persona
7/6/2023,14:02:05,Persona
7/6/2023,14:02:21,Persona
7/6/2023,14:02:36,Persona
7/6/2023,14:02:46,Entrega
7/6/2023,14:02:50,Recibir
7/6/2023,14:03:06,Recibir
7/6/2023,14:03:13,Prestamo
7/6/2023,14:03:22,Prestamo
7/6/2023,14:03:24,Entrega
7/6/2023,14:03:26,Entrega
7/6/2023,14:03:38,Prestamo
7/6/2023,14:03:53,Prestamo
7/6/2023,14:04:01,Prestamo
7/6/2023,14:04:13,Prestamo
7/6/2023,14:05:55,Persona
7/6/2023,14:05:58,Prestamo
7/6/2023,14:06:07,Prestamo
7/6/2023,14:06:28,Persona
7/6/2023,14:08:17,Persona
7/6/2023,14:09:13,Entrega
7/6/2023,14:09:20,Recibir
7/6/2023,14:09:22,Recibir
7/6/2023,14:09:24,Prestamo
7/6/2023,14:09:33,Prestamo
7/6/2023,14:11:30,Persona
7/6/2023,14:11:41,Persona
7/6/2023,14:12:04,Persona
7/6/2023,14:13:31,Entrega
7/6/2023,14:13:35,Entrega
7/6/2023,14:14:00,Prestamo
7/6/2023,14:14:13,Prestamo
7/6/2023,14:15:08,Persona
7/6/2023,14:15:18,Entrega
7/6/2023,14:15:24,Recibir
7/6/2023,14:15:38,Recibir
7/6/2023,14:15:48,Entrega
7/6/2023,14:15:53,Recibir
7/6/2023,14:16:05,Recibir
7/6/2023,14:16:06,Prestamo
7/6/2023,14:16:19,Prestamo
7/6/2023,14:18:00,Persona
7/6/2023,14:18:28,Persona
7/6/2023,14:18:45,Entrega
7/6/2023,14:18:47,Recibir
7/6/2023,14:18:57,Recibir
7/6/2023,14:19:52,Persona
7/6/2023,14:20:08,Persona
7/6/2023,14:25:13,Entrega
7/6/2023,14:26:32,Persona
7/6/2023,14:28:55,Persona
7/6/2023,14:29:17,Persona
7/6/2023,14:33:33,Entrega
7/6/2023,14:33:38,Recibir
7/6/2023,14:33:52,Recibir
7/6/2023,14:34:01,Persona
7/6/2023,14:34:03,Persona
7/6/2023,14:34:08,Prestamo
7/6/2023,14:34:19,Prestamo
7/6/2023,14:35:00,Persona
7/6/2023,14:35:07,Persona
7/6/2023,14:35:33,Entrega
7/6/2023,14:35:36,Recibir
7/6/2023,14:35:47,Recibir
7/6/2023,14:35:49,Prestamo
7/6/2023,14:36:00,Prestamo
7/6/2023,14:37:12,Entrega
7/6/2023,14:37:15,Recibir
7/6/2023,14:37:22,Recibir
7/6/2023,14:37:32,Entrega
7/6/2023,14:37:52,Prestamo
7/6/2023,14:38:03,Prestamo
7/6/2023,14:38:28,Persona
7/6/2023,14:39:00,Persona
7/6/2023,14:41:48,Persona
7/6/2023,14:42:33,Persona
7/6/2023,14:45:07,Persona
7/6/2023,14:45:56,Entrega
7/6/2023,14:46:02,Entrega
7/6/2023,14:46:09,Prestamo
7/6/2023,14:46:29,Prestamo
7/6/2023,14:50:08,Persona
7/6/2023,14:53:54,Entrega
7/6/2023,14:54:02,Prestamo
7/6/2023,14:54:18,Prestamo
7/6/2023,14:54:21,Recibir
7/6/2023,14:54:28,Recibir
7/6/2023,14:55:39,Persona
8/6/2023,14:01:58,Persona
8/6/2023,14:01:59,Persona
8/6/2023,14:02:03,Prestamo
8/6/2023,14:02:09,Persona
8/6/2023,14:02:29,Prestamo
8/6/2023,14:02:31,Prestamo
8/6/2023,14:02:50,Prestamo
8/6/2023,14:03:15,Entrega
8/6/2023,14:03:16,Recibir
8/6/2023,14:03:18,Recibir
8/6/2023,14:03:44,Entrega
8/6/2023,14:03:52,Recibir
8/6/2023,14:03:53,Recibir
8/6/2023,14:04:57,Entrega
8/6/2023,14:05:02,Recibir
8/6/2023,14:05:14,Recibir
8/6/2023,14:05:59,Persona
8/6/2023,14:06:01,Prestamo
8/6/2023,14:06:50,Prestamo
8/6/2023,14:06:52,Persona
8/6/2023,14:06:53,Persona
8/6/2023,14:06:55,Prestamo
8/6/2023,14:07:10,Prestamo
8/6/2023,14:07:11,Prestamo
8/6/2023,14:07:22,Persona
8/6/2023,14:07:29,Prestamo
8/6/2023,14:07:31,Prestamo
8/6/2023,14:07:45,Entrega
8/6/2023,14:07:51,Recibir
8/6/2023,14:08:05,Recibir
8/6/2023,14:08:15,Prestamo
8/6/2023,14:08:57,Entrega
8/6/2023,14:09:00,Recibir
8/6/2023,14:09:01,Recibir
8/6/2023,14:09:44,Persona
8/6/2023,14:09:45,Persona
8/6/2023,14:09:47,Entrega
8/6/2023,14:09:48,Entrega
8/6/2023,14:09:49,Recibir
8/6/2023,14:09:54,Prestamo
8/6/2023,14:09:57,Recibir
8/6/2023,14:09:59,Recibir
8/6/2023,14:10:01,Recibir
8/6/2023,14:10:17,Prestamo
8/6/2023,14:10:19,Prestamo
8/6/2023,14:10:35,Prestamo
8/6/2023,14:11:28,Entrega
8/6/2023,14:11:31,Recibir
8/6/2023,14:11:36,Recibir
8/6/2023,14:12:04,Entrega
8/6/2023,14:12:06,Recibir
8/6/2023,14:12:13,Recibir
8/6/2023,14:13:39,Persona
8/6/2023,14:13:40,Prestamo
8/6/2023,14:13:46,Prestamo
8/6/2023,14:14:45,Persona
8/6/2023,14:14:48,Prestamo
8/6/2023,14:15:08,Prestamo
8/6/2023,14:15:09,Entrega
8/6/2023,14:15:11,Recibir
8/6/2023,14:15:14,Recibir
8/6/2023,14:15:34,Entrega
8/6/2023,14:15:36,Recibir
8/6/2023,14:15:52,Recibir
8/6/2023,14:15:54,Persona
8/6/2023,14:15:56,Prestamo
8/6/2023,14:15:57,Entrega
8/6/2023,14:16:03,Recibir
8/6/2023,14:16:06,Recibir
8/6/2023,14:16:15,Prestamo
8/6/2023,14:16:16,Persona
8/6/2023,14:16:17,Prestamo
8/6/2023,14:16:25,Prestamo
8/6/2023,14:17:21,Persona
8/6/2023,14:17:22,Prestamo
8/6/2023,14:17:44,Entrega
8/6/2023,14:17:47,Recibir
8/6/2023,14:17:55,Prestamo
8/6/2023,14:18:00,Recibir
8/6/2023,14:19:02,Persona
8/6/2023,14:19:04,Prestamo
8/6/2023,14:19:24,Entrega
8/6/2023,14:19:30,Recibir
8/6/2023,14:19:38,Prestamo
8/6/2023,14:19:38,Recibir
8/6/2023,14:19:45,Entrega
8/6/2023,14:19:49,Recibir
8/6/2023,14:19:56,Recibir
8/6/2023,14:21:12,Entrega
8/6/2023,14:21:14,Recibir
8/6/2023,14:21:21,Recibir
8/6/2023,14:23:01,Persona
8/6/2023,14:23:02,Prestamo
8/6/2023,14:23:04,Entrega
8/6/2023,14:23:06,Recibir
8/6/2023,14:23:09,Recibir
8/6/2023,14:23:25,Persona
8/6/2023,14:23:29,Prestamo
8/6/2023,14:23:31,Prestamo
8/6/2023,14:23:46,Prestamo
8/6/2023,14:24:12,Persona
8/6/2023,14:24:26,Prestamo
8/6/2023,14:24:47,Prestamo
8/6/2023,14:25:27,Entrega
8/6/2023,14:25:28,Recibir
8/6/2023,14:25:35,Recibir
8/6/2023,14:26:07,Persona
8/6/2023,14:26:08,Persona
8/6/2023,14:26:08,Prestamo
8/6/2023,14:26:23,Prestamo
8/6/2023,14:26:31,Prestamo
8/6/2023,14:26:39,Prestamo
8/6/2023,14:28:27,Persona
8/6/2023,14:28:29,Prestamo
8/6/2023,14:28:47,Prestamo
8/6/2023,14:29:05,Persona
8/6/2023,14:29:06,Prestamo
8/6/2023,14:29:26,Prestamo
8/6/2023,14:30:49,Persona
8/6/2023,14:30:53,Prestamo
8/6/2023,14:31:20,Prestamo
8/6/2023,14:32:08,Persona
8/6/2023,14:32:09,Prestamo
8/6/2023,14:32:47,Prestamo
8/6/2023,14:33:08,Persona
8/6/2023,14:33:08,Persona
8/6/2023,14:33:08,Prestamo
8/6/2023,14:33:26,Prestamo
8/6/2023,14:33:32,Cargue
8/6/2023,14:33:33,Cargue
8/6/2023,14:33:35,Prestamo
8/6/2023,14:33:56,Prestamo
8/6/2023,14:34:41,Entrega
8/6/2023,14:34:43,Recibir
8/6/2023,14:34:48,Recibir
8/6/2023,14:35:38,Persona
8/6/2023,14:35:39,Persona
8/6/2023,14:35:39,Persona
8/6/2023,14:35:47,Prestamo
8/6/2023,14:35:50,Entrega
8/6/2023,14:35:58,Prestamo
8/6/2023,14:36:02,Recibir
8/6/2023,14:36:05,Recibir
8/6/2023,14:36:07,Prestamo
8/6/2023,14:36:17,Prestamo
8/6/2023,14:36:19,Prestamo
8/6/2023,14:36:42,Prestamo
8/6/2023,14:36:45,Prestamo
8/6/2023,14:36:56,Prestamo
8/6/2023,14:39:04,Entrega
8/6/2023,14:39:06,Recibir
8/6/2023,14:39:15,Recibir
8/6/2023,14:41:33,Persona
8/6/2023,14:41:34,Prestamo
8/6/2023,14:41:49,Persona
8/6/2023,14:42:01,Prestamo
8/6/2023,14:42:05,Prestamo
8/6/2023,14:42:23,Persona
8/6/2023,14:42:25,Prestamo
8/6/2023,14:42:32,Prestamo
8/6/2023,14:42:56,Prestamo
8/6/2023,14:44:19,Persona
8/6/2023,14:44:22,Prestamo
8/6/2023,14:44:40,Prestamo
8/6/2023,14:44:42,Persona
8/6/2023,14:44:49,Prestamo
8/6/2023,14:45:04,Prestamo
8/6/2023,14:45:32,Entrega
8/6/2023,14:45:35,Recibir
8/6/2023,14:45:38,Recibir
8/6/2023,14:47:47,Persona
8/6/2023,14:47:48,Prestamo
8/6/2023,14:48:08,Prestamo
8/6/2023,14:49:00,Persona
8/6/2023,14:49:00,Prestamo
8/6/2023,14:49:18,Prestamo
8/6/2023,14:52:30,Persona
8/6/2023,14:52:30,Prestamo
8/6/2023,14:52:53,Prestamo
8/6/2023,14:53:15,Persona
8/6/2023,14:53:16,Persona
8/6/2023,14:53:16,Persona
8/6/2023,14:53:17,Prestamo
8/6/2023,14:53:37,Prestamo
8/6/2023,14:53:40,Prestamo
8/6/2023,14:53:57,Entrega
8/6/2023,14:53:58,Recibir
8/6/2023,14:53:59,Prestamo
8/6/2023,14:54:06,Prestamo
8/6/2023,14:54:11,Recibir
8/6/2023,14:54:21,Prestamo
8/6/2023,14:54:26,Prestamo
8/6/2023,14:58:39,Persona
8/6/2023,14:58:40,Prestamo
8/6/2023,14:58:55,Prestamo
8/6/2023,14:59:39,Entrega
8/6/2023,14:59:44,Recibir
8/6/2023,14:59:48,Recibir
8/6/2023,15:01:24,Entrega
8/6/2023,15:01:26,Recibir
8/6/2023,15:01:30,Recibir
8/6/2023,15:02:25,Entrega
8/6/2023,15:02:27,Recibir
8/6/2023,15:02:30,Recibir
8/6/2023,15:03:10,Entrega
8/6/2023,15:03:12,Recibir
8/6/2023,15:03:21,Recibir
8/6/2023,15:03:27,Persona
8/6/2023,15:03:28,Prestamo
8/6/2023,15:03:47,Prestamo
8/6/2023,15:04:36,Persona
8/6/2023,15:04:39,Prestamo
8/6/2023,15:04:56,Prestamo
8/6/2023,15:05:26,Persona
8/6/2023,15:05:27,Prestamo
8/6/2023,15:05:43,Prestamo
8/6/2023,15:09:40,Persona
8/6/2023,15:09:40,Prestamo
8/6/2023,15:09:52,Prestamo
8/6/2023,15:12:22,Persona
8/6/2023,15:12:22,Persona
8/6/2023,15:12:26,Prestamo
8/6/2023,15:12:40,Prestamo
8/6/2023,15:12:41,Prestamo
8/6/2023,15:13:08,Prestamo
8/6/2023,15:13:38,Entrega
8/6/2023,15:13:40,Recibir
8/6/2023,15:13:43,Recibir
8/6/2023,15:14:22,Entrega
8/6/2023,15:14:24,Recibir
8/6/2023,15:14:33,Recibir
8/6/2023,15:14:49,Entrega
8/6/2023,15:14:52,Recibir
8/6/2023,15:14:59,Recibir
8/6/2023,15:15:31,Persona
8/6/2023,15:15:35,Prestamo
8/6/2023,15:15:46,Persona
8/6/2023,15:15:59,Prestamo
8/6/2023,15:16:01,Prestamo
8/6/2023,15:16:06,Prestamo
8/6/2023,15:16:19,Persona
8/6/2023,15:16:45,Prestamo
8/6/2023,15:16:54,Prestamo
8/6/2023,15:17:58,Entrega
8/6/2023,15:18:00,Recibir
8/6/2023,15:18:05,Recibir
8/6/2023,15:18:25,Entrega
8/6/2023,15:18:27,Recibir
8/6/2023,15:18:29,Recibir
8/6/2023,15:19:27,Entrega
8/6/2023,15:19:31,Recibir
8/6/2023,15:19:33,Recibir
8/6/2023,15:19:55,Persona
8/6/2023,15:19:56,Prestamo
8/6/2023,15:20:14,Prestamo
8/6/2023,15:21:11,Entrega
8/6/2023,15:21:14,Recibir
8/6/2023,15:21:16,Recibir
8/6/2023,15:21:18,Entrega
8/6/2023,15:21:23,Recibir
8/6/2023,15:21:27,Recibir
8/6/2023,15:22:23,Persona
8/6/2023,15:22:24,Prestamo
8/6/2023,15:22:48,Prestamo
8/6/2023,15:22:55,Persona
8/6/2023,15:22:56,Prestamo
8/6/2023,15:23:10,Prestamo
8/6/2023,15:23:17,Persona
8/6/2023,15:23:19,Prestamo
8/6/2023,15:23:32,Prestamo
8/6/2023,15:23:55,Entrega
8/6/2023,15:23:59,Recibir
8/6/2023,15:24:06,Recibir
8/6/2023,15:24:57,Persona
8/6/2023,15:25:01,Prestamo
8/6/2023,15:25:14,Prestamo
8/6/2023,15:29:12,Persona
8/6/2023,15:29:14,Prestamo
8/6/2023,15:29:36,Prestamo
8/6/2023,15:29:39,Entrega
8/6/2023,15:29:42,Recibir
8/6/2023,15:29:49,Recibir
8/6/2023,15:30:48,Persona
8/6/2023,15:30:52,Prestamo
8/6/2023,15:31:07,Prestamo
8/6/2023,15:31:44,Entrega
8/6/2023,15:31:47,Prestamo
8/6/2023,15:31:48,Recibir
8/6/2023,15:31:49,Persona
8/6/2023,15:31:51,Recibir
8/6/2023,15:31:53,Prestamo
8/6/2023,15:32:15,Prestamo
8/6/2023,15:34:14,Persona
8/6/2023,15:34:16,Prestamo
8/6/2023,15:34:42,Prestamo
8/6/2023,15:35:33,Entrega
8/6/2023,15:35:34,Recibir
8/6/2023,15:35:39,Recibir
8/6/2023,15:35:44,Persona
8/6/2023,15:35:47,Prestamo
8/6/2023,15:36:15,Prestamo
8/6/2023,15:36:32,Persona
8/6/2023,15:36:32,Persona
8/6/2023,15:37:32,Entrega
8/6/2023,15:37:36,Recibir
8/6/2023,15:37:39,Recibir
8/6/2023,15:37:42,Persona
8/6/2023,15:37:44,Prestamo
8/6/2023,15:37:59,Prestamo
8/6/2023,15:38:00,Persona
8/6/2023,15:38:18,Persona
8/6/2023,15:39:36,Persona
8/6/2023,15:40:26,Persona
8/6/2023,15:40:28,Persona
8/6/2023,15:41:09,Persona
8/6/2023,15:41:15,Persona
8/6/2023,15:41:17,Persona
8/6/2023,15:42:47,Persona
8/6/2023,15:42:47,Persona
8/6/2023,15:42:50,Entrega
8/6/2023,15:42:52,Recibir
8/6/2023,15:42:55,Recibir
8/6/2023,15:42:56,Prestamo
8/6/2023,15:43:20,Entrega
8/6/2023,15:43:25,Recibir
8/6/2023,15:43:31,Entrega
8/6/2023,15:43:33,Prestamo
8/6/2023,15:43:43,Prestamo
8/6/2023,15:43:47,Recibir
8/6/2023,15:44:02,Persona
8/6/2023,15:44:02,Persona
8/6/2023,15:44:04,Prestamo
8/6/2023,15:44:07,Prestamo
8/6/2023,15:44:18,Prestamo
8/6/2023,15:44:41,Persona
8/6/2023,15:45:33,Recibir
8/6/2023,15:45:43,Persona
8/6/2023,15:46:33,Persona
8/6/2023,15:47:34,Persona
8/6/2023,15:48:57,Persona
8/6/2023,15:50:19,Entrega
8/6/2023,15:50:23,Recibir
8/6/2023,15:50:26,Recibir
8/6/2023,15:50:43,Prestamo
8/6/2023,15:50:49,Persona
8/6/2023,15:51:01,Prestamo
8/6/2023,15:54:54,Persona
8/6/2023,15:54:55,Persona
8/6/2023,15:55:14,Persona
8/6/2023,15:56:19,Persona
9/6/2023,14:00:24,Persona
9/6/2023,14:00:37,Persona
9/6/2023,14:01:21,Persona
9/6/2023,14:01:28,Persona
9/6/2023,14:01:40,Prestamo
9/6/2023,14:01:58,Prestamo
9/6/2023,14:02:17,Prestamo
9/6/2023,14:03:01,Entrega
9/6/2023,14:03:25,Prestamo
9/6/2023,14:03:26,Persona
9/6/2023,14:03:27,Persona
9/6/2023,14:03:29,Persona
9/6/2023,14:03:30,Persona
9/6/2023,14:03:31,Persona
9/6/2023,14:03:32,Persona
9/6/2023,14:03:57,Entrega
9/6/2023,14:04:12,Prestamo
9/6/2023,14:04:20,Prestamo
9/6/2023,14:04:38,Entrega
9/6/2023,14:04:48,Prestamo
9/6/2023,14:05:11,Prestamo
9/6/2023,14:05:43,Prestamo
9/6/2023,14:06:04,Persona
9/6/2023,14:06:25,Prestamo
9/6/2023,14:06:45,Prestamo
9/6/2023,14:07:31,Persona
9/6/2023,14:07:37,Entrega
9/6/2023,14:07:48,Entrega
9/6/2023,14:08:41,Prestamo
9/6/2023,14:09:23,Persona
9/6/2023,14:09:43,Persona
9/6/2023,14:09:53,Prestamo
9/6/2023,14:10:48,Prestamo
9/6/2023,14:11:26,Entrega
9/6/2023,14:11:29,Persona
9/6/2023,14:11:43,Prestamo
9/6/2023,14:11:58,Persona
9/6/2023,14:12:25,Prestamo
9/6/2023,14:13:14,Persona
9/6/2023,14:13:51,Prestamo
9/6/2023,14:14:02,Persona
9/6/2023,14:14:37,Persona
9/6/2023,14:14:37,Prestamo
9/6/2023,14:14:38,Entrega
9/6/2023,14:15:46,Prestamo
9/6/2023,14:15:55,Persona
9/6/2023,14:16:26,Prestamo
9/6/2023,14:18:57,Persona
9/6/2023,14:18:59,Entrega
9/6/2023,14:19:11,Prestamo
9/6/2023,14:19:12,Persona
9/6/2023,14:19:22,Prestamo
9/6/2023,14:20:45,Entrega
9/6/2023,14:22:07,Entrega
9/6/2023,14:22:25,Persona
9/6/2023,14:22:27,Persona
9/6/2023,14:22:39,Prestamo
9/6/2023,14:22:40,Prestamo
9/6/2023,14:28:50,Persona
9/6/2023,14:29:17,Prestamo
9/6/2023,14:29:21,Persona
9/6/2023,14:37:23,Entrega
9/6/2023,14:37:23,Entrega
9/6/2023,14:37:29,Entrega
9/6/2023,14:37:31,Entrega
9/6/2023,14:37:42,Persona
9/6/2023,14:37:47,Prestamo
9/6/2023,14:38:23,Persona
9/6/2023,14:38:24,Prestamo
9/6/2023,14:40:36,Entrega
9/6/2023,14:40:38,Entrega
9/6/2023,14:41:39,Persona
9/6/2023,14:41:52,Prestamo
9/6/2023,14:46:58,Persona
9/6/2023,14:47:08,Prestamo
9/6/2023,14:51:46,Persona
9/6/2023,14:53:10,Prestamo
9/6/2023,14:54:00,Persona
9/6/2023,14:54:03,Persona
9/6/2023,14:54:05,Persona
9/6/2023,14:54:08,Persona
9/6/2023,14:54:48,Prestamo
9/6/2023,14:58:03,Entrega
9/6/2023,14:58:21,Prestamo
9/6/2023,14:58:59,Persona
9/6/2023,14:59:00,Prestamo
9/6/2023,14:59:04,Persona
9/6/2023,15:02:49,Persona
9/6/2023,15:11:29,Prestamo
9/6/2023,15:11:33,Persona
9/6/2023,15:15:01,Entrega
9/6/2023,15:15:14,Prestamo
9/6/2023,15:22:17,Persona
9/6/2023,15:22:18,Prestamo
9/6/2023,15:27:01,Persona
9/6/2023,15:27:03,Persona
9/6/2023,15:27:06,Persona
9/6/2023,15:28:27,Entrega
9/6/2023,15:29:32,Prestamo
9/6/2023,15:30:09,Persona
9/6/2023,15:30:11,Persona
9/6/2023,15:30:28,Persona
9/6/2023,15:31:27,Entrega
9/6/2023,15:33:35,Entrega
9/6/2023,15:37:44,Entrega
9/6/2023,15:38:18,Entrega
9/6/2023,15:38:20,Entrega
9/6/2023,15:38:49,Prestamo
9/6/2023,15:38:49,Prestamo
9/6/2023,15:39:13,Persona
9/6/2023,15:39:15,Persona
9/6/2023,15:40:06,Entrega
9/6/2023,15:40:07,Prestamo
9/6/2023,15:40:40,Prestamo
9/6/2023,15:40:41,Camion
9/6/2023,15:41:27,Descargue
9/6/2023,15:41:33,Descargue
9/6/2023,15:41:53,Descargue
9/6/2023,15:41:57,Descargue
9/6/2023,15:42:00,Descargue
9/6/2023,15:42:05,Descargue
9/6/2023,15:42:09,Descargue
9/6/2023,15:42:11,Descargue
9/6/2023,15:42:26,Descargue
9/6/2023,15:42:28,Descargue
9/6/2023,15:42:55,Descargue
9/6/2023,15:42:56,Descargue
9/6/2023,15:43:13,Prestamo
9/6/2023,15:43:14,Descargue
9/6/2023,15:43:16,Descargue
9/6/2023,15:43:32,Descargue
9/6/2023,15:43:32,Descargue
9/6/2023,15:43:34,Descargue
9/6/2023,15:43:35,Entrega
9/6/2023,15:43:45,Entrega
9/6/2023,15:43:47,Descargue
9/6/2023,15:43:51,Descargue
9/6/2023,15:44:01,Descargue
9/6/2023,15:44:06,Descargue
9/6/2023,15:44:20,Descargue
9/6/2023,15:44:24,Descargue
9/6/2023,15:44:27,Prestamo
9/6/2023,15:44:29,Prestamo
9/6/2023,15:44:35,Descargue
9/6/2023,15:44:39,Descargue
9/6/2023,15:45:23,Prestamo
9/6/2023,15:45:47,Prestamo
9/6/2023,15:45:58,Prestamo
9/6/2023,15:46:30,Prestamo
9/6/2023,15:46:47,Persona
9/6/2023,15:46:48,Persona
9/6/2023,15:46:54,Persona
9/6/2023,15:47:28,Prestamo
9/6/2023,15:48:07,Prestamo
9/6/2023,15:48:11,Entrega
9/6/2023,15:48:52,Prestamo
9/6/2023,15:49:14,Entrega
9/6/2023,15:50:27,Prestamo
9/6/2023,15:51:02,Prestamo
9/6/2023,15:51:31,Prestamo
9/6/2023,15:51:33,Prestamo
9/6/2023,15:53:02,Entrega
9/6/2023,15:53:59,Camion
9/6/2023,15:54:10,Persona
9/6/2023,15:54:14,Prestamo
9/6/2023,15:54:16,Persona
9/6/2023,15:54:28,Prestamo
9/6/2023,15:56:22,Persona
9/6/2023,15:56:28,Persona
9/6/2023,15:56:35,Prestamo
9/6/2023,15:56:37,Prestamo
14/06/2023,15:11:42,Persona
14/06/2023,15:11:52,Persona
14/06/2023,15:12:03,Persona
14/06/2023,15:20:22,Persona
14/06/2023,15:35:45,Persona
14/06/2023,15:37:01,Entrega
14/06/2023,15:37:03,Recibir
14/06/2023,15:37:18,Recibir
14/06/2023,15:38:03,Persona
14/06/2023,15:39:21,Persona
14/06/2023,15:39:39,Entrega
14/06/2023,15:39:43,Recibir
14/06/2023,15:39:50,Recibir
14/06/2023,15:39:56,Prestamo
14/06/2023,15:40:07,Prestamo
14/06/2023,15:41:51,Entrega
14/06/2023,15:42:05,Prestamo
14/06/2023,15:42:20,Prestamo
14/06/2023,15:42:39,Persona
14/06/2023,15:43:43,Entrega
14/06/2023,15:43:44,Entrega
14/06/2023,15:45:21,Entrega
14/06/2023,15:45:25,Recibir
14/06/2023,15:45:33,Recibir
14/06/2023,15:46:27,Persona
14/06/2023,15:47:58,Entrega
14/06/2023,15:48:02,Recibir
14/06/2023,15:48:10,Recibir
14/06/2023,15:48:15,Prestamo
14/06/2023,15:48:20,Persona
14/06/2023,15:48:26,Prestamo
14/06/2023,15:49:06,Persona
14/06/2023,15:49:14,Entrega
14/06/2023,15:49:25,Recibir
14/06/2023,15:49:30,Entrega
14/06/2023,15:49:31,Entrega
14/06/2023,15:49:32,Recibir
14/06/2023,15:49:34,Prestamo
14/06/2023,15:50:02,Prestamo
14/06/2023,15:50:34,Prestamo
14/06/2023,15:50:54,Prestamo
14/06/2023,15:51:30,Persona
14/06/2023,15:54:12,Persona
